{
  "근데": 9.668880205303418,
  "ㅋㅋ": 9.501495413544628,
  "그냥": 6.697578720437586,
  "그거": 5.555016089075293,
  "아니": 5.354742891822987,
  "내가": 4.75300212002074,
  "그럼": 4.213408788806877,
  "너무": 4.098522069258079,
  "삭제된": 3.88048326913694,
  "나도": 3.8151942870130493,
  "진짜": 3.6493476575925157,
  "그래서": 3.122590366214685,
  "아님": 3.065928850524161,
  "ㄷㄷ": 3.0344027857198212,
  "지금": 3.031105645825125,
  "저거": 2.942709733681749,
  "그런": 2.8449402026903425,
  "ㅇㅇ": 2.8035980336647803,
  "있는": 2.6201284556917313,
  "아직": 2.567414083574379,
  "많이": 2.553990216735945,
  "우리": 2.4016086770562475,
  "나는": 2.33425853028819,
  "같은": 2.328981639440794,
  "그건": 2.266422313472456,
  "이제": 2.2576327786059203,
  "그리고": 2.250964242085304,
  "그러": 2.131409547733782,
  "하는": 2.0802497317368718,
  "ㅠㅠ": 2.0674508279077495,
  "하면": 2.05998974042809,
  "님이": 2.0444157337452484,
  "그게": 1.9944304953295977,
  "이거": 1.9838183345707954,
  "뭔가": 1.9826174628131135,
  "모르": 1.9193901188089235,
  "원래": 1.917548391739857,

  "이미": 1.8180526662695842,
  "거기": 1.8139948334880707,
  "그렇": 1.7771764745004406,

  "다시": 1.7433591099185528,
  "다른": 1.7382705996282235,
  "어디": 1.727909925274715,
  "하지": 1.6452609527282802,

  "메시지입니다": 1.5946547969529878,

  "ㅎㅎ": 1.5804516209949644,



  "어떻게": 1.526146673537517,
  "이상": 1.514768950910161,
  "있음": 1.507027547420853,
  "에서": 1.506232340353658,
  "이렇게": 1.4880660667484462,
  "이런": 1.485589777360604,
  "하고": 1.4726314409291534,
  "없는": 1.4656025451863632,
  "가서": 1.4580141738375678,
  "없어서": 1.4402802577128462,


  "정도": 1.4214334223035827,
  "같이": 1.419166984493795,


  "있어": 1.3738926153662807,
  "안되": 1.365703794289158,


  "무슨": 1.3532060577878973,
  "이번": 1.3518288784315184,
  "거의": 1.3438791696249295,
  "여기": 1.3368557924617304,

  "사실": 1.3068943124280863,
  "없음": 1.302028149838332,
  "다들": 1.2929325394079445,
  "한번": 1.2813969043101743,
  "일단": 1.2797588035465028,

  "어차피": 1.2670232629179532,
  "문제": 1.2608705107856064,
  "ㄹㅇ": 1.2503168836864886,

  "별로": 1.2360172534721645,
  "뭐야": 1.2345570292606673,
  "누가": 1.2150716183707075,
  "있을": 1.198277459278331,
  "해야": 1.1976288273284115,
  "있다": 1.1878781292592295,
  "되는": 1.1856306102920464,

  "있지": 1.1741557717245494,
  "말고": 1.1705263152708563,

  "아닌": 1.1540887241761362,
  "언제": 1.151936285615574,
  "보면": 1.1451394842017222,
  "줍기": 1.141996495894789,
  "애초에": 1.1368396060939436,
  "혹시": 1.1306314917134603,
  "요즘": 1.1215685461165321,
  "아무": 1.1206532825141484,

  "들어": 1.1119530515800669,
  "나오": 1.1034423161827982,
  "모든": 1.095626868525006,


  "아냐": 1.0908869803938686,

  "정말": 1.0836607555247555,
  "했는데": 1.0813807557308688,
  "이걸": 1.0747875802304332,

  "이모티": 1.0720555797858444,
  "너가": 1.0563058285861486,
  "쓰고": 1.0455041913995637,
  "만들": 1.032782970368976,
  "엄청": 1.02976243123172,
  "까지": 1.0233216547467365,


  "다음": 1.0084990942440621,

  "이게": 1.0017137254988828,


  "보고": 0.9937770096342737,

  "있고": 0.9921952548716291,
  "해서": 0.9779273642890147,

  "가는": 0.9701878087160345,
  "그걸": 0.9676348967807586,







  "사면": 0.9429582179494583,
  "있나": 0.9427786184465902,
  "사진": 0.9417256498192325,

  "괜찮": 0.9367929238217081,



  "저게": 0.9285595724802639,
  "최소": 0.9274635727374768,
  "있으면": 0.9212249819505729,

  "저건": 0.9146326823672978,
  "가면": 0.9130255687020375,

  "않나": 0.9084485032045543,
  "으로": 0.9067104868037978,
  "나가": 0.9055374262505933,

  "없고": 0.9043456220386026,
  "안됨": 0.9022530856777853,
  "존나": 0.9020393680723104,
  "겁나": 0.8985198090054962,
  "쓰면": 0.8947142113971749,
  "갑자기": 0.8926004609988745,


  "샵검색": 0.8813327539781166,

  "여튼": 0.874606389865418,
  "이라": 0.8742832116552061,
  "먹으면": 0.8708402892345382,
  "대체": 0.8705796293450223,






  "ㄴㄴ": 0.8492791699104524,
  "새로": 0.8475858088400694,
  "앞으로": 0.845860984712926,

  "위에": 0.8367941126711123,
  "이면": 0.8362973298680695,
  "제일": 0.8326994523162299,

  "귀여워": 0.8236934924606044,
  "되지": 0.8225053182406263,

  "자기": 0.8208551809914686,
  "물론": 0.8206201038448593,
  "알고": 0.8118096966966136,
  "한데": 0.8080386828176598,
  "소개": 0.8047221109471487,


  "저번에": 0.7983497852882724,
  "조금": 0.7978333131844283,

  "이건": 0.792951920810643,
  "하자": 0.791853698201942,



  "얘기": 0.7818567102124889,
  "없지": 0.780219490401462,
  "안하": 0.7774533535437201,
  "않음": 0.7758006862041117,
  "어제": 0.7750663471630812,
  "때문에": 0.7739005039037954,
  "있었": 0.7735979226390086,

  "차이": 0.7676321699941604,
  "주는": 0.7613278572619516,
  "주차": 0.7609317351588012,
  "개월": 0.7593982336898053,


  "쓰는": 0.7472763361861079,


  "많은": 0.7426980962903704,
  "이젠": 0.7426893935674355,
  "낄낄": 0.7415539324179256,

  "솔직히": 0.7364854139965488,
  "않을": 0.73535448094321,
  "안나": 0.7303534492311624,


  "처음": 0.7261336590453797,

  "없으면": 0.7188730114458755,
  "오히려": 0.7176187467999082,



  "약간": 0.7164776977474673,
  "정확히": 0.7162890376161768,
  "가자": 0.7125441977074951,


  "받는": 0.7035371993939535,
  "어느": 0.6986702547509392,
  "보다": 0.6971125293860938,
  "사이": 0.6939085699249538,
  "링크": 0.6922007539412326,
  "집에": 0.6906509365153088,

  "되나": 0.6866616259549141,
  "맛있": 0.6853969079649112,
  "따라": 0.6844364773935168,
  "ㅂㄷ": 0.6839954057888897,

  "저기": 0.678497859962404,


  "아까": 0.6757274567645765,

  "직접": 0.6709758942682971,

  "인데": 0.6668579614752211,
  "말이": 0.6646143267956316,
  "저런": 0.6645703426479187,

  "뭐라": 0.6586502755459315,

  "훨씬": 0.6578333403883231,
  "아닐까": 0.6576821909628178,
  "나랑": 0.6569601608264515,
  "나온": 0.6542365448747732,
  "그때": 0.6520990842458918,






  "된다": 0.6461547539685943,



  "ㄱㄱ": 0.6395551800419021,

  "무조건": 0.6370632204781499,
  "그것도": 0.6356151188576165,
  "미리": 0.6280131559305431,



  "주고": 0.6223183411914868,

  "인가": 0.6153079988253998,
  "두개": 0.6150571760697918,


  "찾아": 0.6131004501162047,

  "없나": 0.6124097231846719,
  "먹을": 0.6119575149981503,



  "아마": 0.6092247750234653,
  "될듯": 0.6091097770008396,

  "ㅎㅇ": 0.6085823376013023,
  "사서": 0.6084183353860235,
  "추천": 0.6078276583258877,

  "어케": 0.6071679338874605,




  "제대로": 0.5967973791030188,
  "해도": 0.5966130818066873,

  "개꿀": 0.5952625957001121,





  "경우": 0.5844512742628338,
  "뭔지": 0.5793933440735203,



  "아는": 0.5776268606265325,
  "일에": 0.5770439790335967,
  "다르": 0.5750881417253388,

  "라고": 0.5747477528678382,




  "안해": 0.5673394234379547,
  "안에": 0.5669991409296071,
  "말하": 0.5669705884726417,
  "받아": 0.5662382031058587,
  "둘다": 0.5661108960187762,
  "그럴": 0.5629760665142843,



  "안된": 0.5595913188923709,

  "뭐지": 0.5576507305810997,




  "대신": 0.5542728291183192,

  "전에": 0.5536922235361958,
  "가야": 0.5536318699282501,


  "있습니다": 0.5510626990501204,



  "못하": 0.5491437274399836,





  "떨어": 0.5430521063619345,



  "되었": 0.538656117097752,



  "않았": 0.5334053847198588,

  "알아": 0.5325872225091782,
  "암튼": 0.5321419037968899,



  "올라": 0.5273553305733489,




  "지난": 0.5236035141605535,
  "이야": 0.521729590550706,

  "누구": 0.520869651115955,
  "하다": 0.5184064542856203,
  "맞는": 0.5177195981875481,




  "이후": 0.5098571239281431,


  "ㅡㅡ": 0.505842643928595,
  "같아": 0.505355833064048,




  "좀더": 0.4966715930957018,
  "심지어": 0.4952880481691712,
  "애들": 0.4952812592520318,



  "ㅇㅈ": 0.4928483408010476,
  "위한": 0.492624510561738,


  "써야": 0.4895505070908388,
  "나올": 0.4879756579014515,
  "나와": 0.48748755070883976,
  "전세": 0.48743488726058287,

  "말을": 0.48549242877507814,



  "추가": 0.48296235405652554,



  "안쓰": 0.47705212208840136,


  "사라": 0.47535049369227705,
  "안했": 0.4739277459818226,

  "제발": 0.4730142602265956,


  "안좋": 0.47254315926332535,
  "뭐임": 0.4721971278547391,




  "다이": 0.47055864674085096,

  "전부": 0.46984987366609937,


  "ㅅㅂ": 0.4681681688782418,
  "들고": 0.4676242084027123,
  "끝나": 0.46757005924574907,


  "이러": 0.4650880121059204,

  "있긴": 0.4643377090011721,




  "들었": 0.4622375747110664,



  "없을": 0.45883329863431216,

  "아시": 0.4577825672291687,
  "부터": 0.45710005605077586,





  "년전": 0.4519532735070756,

  "부분": 0.45098133085807146,